Daily automated commit - Mon Oct 27 13:26:41 UTC 2025
Daily automated commit - Tue Oct 28 12:26:38 UTC 2025
Daily automated commit - Wed Oct 29 12:28:02 UTC 2025
Daily automated commit - Thu Oct 30 12:26:46 UTC 2025
Daily automated commit - Fri Oct 31 12:27:15 UTC 2025
Daily automated commit - Sat Nov  1 12:22:38 UTC 2025
Daily automated commit - Sun Nov  2 12:22:14 UTC 2025
Daily automated commit - Mon Nov  3 12:27:52 UTC 2025
Daily automated commit - Tue Nov  4 12:28:55 UTC 2025
Daily automated commit - Wed Nov  5 12:27:30 UTC 2025
Daily automated commit - Thu Nov  6 12:27:15 UTC 2025
Daily automated commit - Fri Nov  7 12:26:18 UTC 2025
Daily automated commit - Sat Nov  8 12:22:54 UTC 2025
Daily automated commit - Sun Nov  9 12:23:16 UTC 2025
